Date,Description,Amount,City,State
01/09,Payment To Chase Card   0793,669.32,Ending,IN
01/12,Zelle Payment To Gicu Nexus Jpm999KS8Cos ,500.0,,
01/21,Payment To Chase Card   0793,274.49,Ending,IN
01/25,Payment To Chase Card   0793,173.53,Ending,IN
01/19,Kroger Fuel #834 3039   Card,-31.99,Louisville,KY
01/19,Kroger #3 3039 Brecken   Card,-33.1,Louisville,KY
01/20,3901 S 7th St   Card 7068,-100.0,Louisville,KY
01/23,Target T- 3600 Mall Rd   Card,-152.67,Louisville,KY
01/23,Bryan G Harness Cosmet   Card,-185.0,Louisville,KY
01/23,Pauls Fruit Mark 3704   Card,-44.18,Louisville,KY
01/23,Sunshine Pediatrics   Card 1981,-35.0,Louisville,KY
01/23,Kroger #785   Card 1981,-68.69,Louisville,KY
01/24,Target T- 3600 Mall Rd   Card,-138.21,Louisville,KY
01/25,Fenwick Animal Clinic   Card,-63.25,Louisville,KY
01/25,Costco Whse #1238   Card 1981,-36.09,Louisville,KY
01/25,Costco Gas #1238   Card 1981,-33.89,Louisville,KY
01/27,Kroger #346 3039 Breck   Card,-36.15,Louisville,KY
01/80,Costco Gas #1238   Card 1981,-30.67,Louisville,KY
01/31,Mirage   Card 1981,-37.53,Louisville,KY
02/01,Target T- 3600 Mall Rd   Card,-109.3,Louisville,KY
02/01,Target T- 3600 Mall Rd   Card,-50.67,Louisville,KY
02/01,Toyota Oxmoor Toyota   Card 1981,-162.95,Louisville,KY
02/02,First Watch - 523 - S 502-618-1955 KY Card,-31.75,,
02/03,Kroger Fuel #878 4915   Card,-39.39,Louisville,KY
02/03,First Watch - 570 - 502-444-7744 KY Card,-26.88,,
02/06,Cigna 877 484 5967 877-484-5967 FL Card,-81.3,,
02/07,Kroger Fuel #878 4915   Card,-35.82,Louisville,KY
02/07,3901 S 7th St   Card 7068,-200.0,Louisville,KY
02/07,Kroger #7 4915A Dixie   Card,-117.91,Louisville,KY
02/08,Petsmart # 1117   Card 1981,-228.17,Louisville,KY
02/08,Pauls Fruit Mark 3704   Card,-70.25,Louisville,KY
02/08,Best Buy #333   Card 1981,-76.19,Louisvile,KY
02/08,Igms 877-7352559 CO Card 1981,-68.17,,
02/09,Costco Whse #1238   Card 1981,-373.18,Louisville,KY
02/10,Target T- 3600 Mall Rd   Card,-80.96,Louisville,KY
02/11,Wal-Mart #2691 New   Card 1981,-165.93,Albany,IN
02/12,Thorntons #0161 #0161   Card,-35.98,Louisville,KY
02/13,Wal-Mart Super Center   Card,-58.48,Louisville,KY
02/14,Buff City Soap - 4600   Card,-79.36,Louisville,KY
02/14,Kroger #7 4915A Dixie   Card,-54.36,Louisville,KY
02/15,Interest Payment,0.05,,
01/09,Payment To Chase Card   0793,669.32,Ending,IN
01/12,Zelle Payment To Gicu Nexus Jpm999KS8Cos ,500.0,,
01/21,Payment To Chase Card   0793,274.49,Ending,IN
01/25,Payment To Chase Card   0793,173.53,Ending,IN
04/16,Payment To Chase Card   0793,59.95,Ending,IN
04/23,Payment To Chase Card   0793,18.42,Ending,IN
08/19,Kroger #7 4915A Dixie   Card,-42.12,Louisville,KY
08/20,Newport Aquarium Web 859-815-1414 KY Card,-112.9,,
08/20,Aquarium   Card 6815,-8.41,Newport,KY
08/22,3901 S 7th St   Card 7068,-100.0,Louisville,KY
08/22,3901 S 7th St   Card 6815,-100.0,Louisville,KY
08/24,7335 Dixie Hwy   Card 6815,-60.0,Louisville,KY
08/24,The Home Depot #2302   Card,-24.23,Louisville,KY
08/24,2211 Heather Ln   Card 6815,-43.25,Louisville,KY
08/24,The Home Depot #2302   Card,-27.41,Louisville,KY
08/24,Non-Chase ATM Fee-With,-3.0,,
08/27,4111 Shelbyville Rd   Card 7068,-200.0,Louisville,KY
08/30,Zelle Payment To Juan Constructor 18303064222,-200.0,,
08/30,B Quick Food Mar   Card 7068,-5.14,Louisville,KY
08/80,Kroger #7 4915A Dixie   Card,-82.4,Louisville,KY
08/31,888-815-6446 OH Card 6815,-776.41,Caresource,KY
08/30,Sunshine Pediatrics   Card 6815,-126.0,Louisville,KY
08/31,Becht Givens Service E 502-6361300 IN Card,-311.1,,
09/01,Pauls Fruit Mark 3704   Card,-101.74,Louisville,KY
09/01,Kroger #7 4915A Dixie   Card,-40.31,Louisville,KY
09/02,20480900 3131 Louisville KY Card,-9.65,Usps,PO
09/02,Sherwin Williams 70126   Card,-159.0,Louisville,KY
09/03,Wal-Mart Super Center   Card,-27.52,Louisville,KY
09/05,Costco Whse #1238   Card 6815,-199.05,Louisville,KY
09/05,Greater Louisville Ym 502-587-9622 KY Card,-109.0,,
09/05,Hometown Hauling 502-3614446 KY Card 6815,-75.0,,
09/05,Sams Scan-N-Go   Card 6815,-117.69,Jeffersontown,KY
09/06,Pilot #0004   Card 7068,-2.5,Avon,OH
09/06,Ta # 139 Jeffer   Card 7068,-9.66,Jeffersonvill,OH
09/06,Ta # 139 Jeffer   Card 7068,-8.59,Jeffersonvil,OH
09/07,Zelle Payment To Juan Constructor 18381630547,-200.0,,
09/07,Walgreens Store 4926 C   Card,-14.98,Louisville,KY
09/07,Kroger #2 7509 Terry R   Card,-36.6,Louisville,KY
09/08,Eagle    Card 7068,-70.35,Louisville,KY
09/09,20480900 3131 Louisville KY Card,-9.65,Usps,PO
09/11,Chau Restaurant   Card 7068,-20.38,Louisville,KY
09/13,Harbor Freight Tools 4   Card,-116.55,Louisville,KY
09/13,3901 S 7th St   Card 7068,-100.0,Louisville,KY
09/13,Kroger #7 4915A Dixie   Card,-156.6,Louisville,KY
09/13,Pauls Fruit Market Tayl   Card 6815,-102.56,Louisville,KY
09/15,20480900 3131 Louisville KY Card,-9.65,Usps,PO
09/15,Whirlpool Appliances 800-253-1301 MI Card,-91.56,,
09/16,Columbia 598   Card 7068,-105.92,Simpsonville,KY
09/15,Pepper Palace Bluegra   Card,-47.67,Simpsonville,KY
09/16,Petsmart # 1168   Card 6815,-96.16,Louisville,KY
09/16,The Home Depot #2302   Card,-38.35,Louisville,KY
09/16,2948 Richland Ave   Card 6815,-100.0,Louisville,KY
09/18,Pauls Fruit Mark 3704   Card,-58.34,Louisville,KY
09/18,Costco Whse #1238   Card 6815,-192.13,Louisville,KY
09/18,Monthly Service Fee,-12.0,,
09/18,Interest Payment,0.01,,
01/21,Payment Thank You-Mobile,-274.49,,
01/25,Payment Thank You-Mobile,-173.53,,
02/11,Payment Thank You-Mobile,-216.99,,
02/06,CITYOFSTLOUIS-PARKING 314-622-4700 MO,2.45,,
02/14,TVC PRO-DRIVER 800-288-2889 OK,59.95,,
05/07,Payment To Chase Card   0793,57.47,Ending,IN
05/23,Zelle Payment To Maccario Jom999C5Jz3B,1.0,,
05/26,Payment To Chase Card   0793,106.74,Ending,IN
05/30,Payment To Chase Card   0793,92.19,Ending,IN
01/01,Payment Thank You-Mobile,-300.0,,
01/11,AUTOMATIC PAYMENT - THANK YOU,-100.0,,
01/14,TVC PRO-DRIVER 800-288-2889 OK,59.95,,
03/11/2024,then will go to,26.49,,
09/19,Disneyplus 888-9057888 CA Card 1981,-8.23,,
09/23,2948 Richland Ave   Card 1981,-100.0,Louisville,KY
09/26,937-224-3300 OH Card,-979.93,Caresource,KY
09/27,Kroger #7 4915A Dixie   Card,-69.05,Louisville,KY
10/01,270 S Randall Rd   Card 7068,-200.0,Elgin,IL
10/05,Cigna 877 484 5967 877-484-5967 FL Card,-81.3,,
10/05,Capital   239-350-5557 OH Card,-143.8,Anesthesia,KY
10/11,Zelle Payment To Juan Constructor 15498171707,-650.0,,
10/11,Payment To Chase Card   8647,-546.92,Ending,IN
10/12,Zelle Payment From Giulio F Cantor 15521801207,1.0,,
10/14,Kroger #7 4915A Dixie   Card,-39.36,Louisville,KY
10/17,Zelle Payment From Giulio F Cantor 15562589833,700.0,,
10/17,1090 Cedar Grove Rd,-303.95,Shepherdsvill,KY
10/17,Non-Chase ATM Fee-With,-3.0,,
10/18,Interest Payment,0.17,,
02/11,AUTOMATIC PAYMENT - THANK YOU,-100.0,,
02/14,TVC PRO-DRIVER 800-288-2889 OK,59.95,,
02/17,PURCHASE INTEREST CHARGE,24.36,,
02/16,Pauls Fruit Mark 3704   Card,-63.3,Louisville,KY
02/16,Thorntons #0024 #0024   Card,-35.11,Louisville,KY
02/17,Target T- 3600 Mall Rd   Card,-67.9,Louisville,KY
02/19,Costco Whse #1238   Card 1981,-215.15,Louisville,KY
02/19,Costco Whse #1238   Card 7068,-10.05,Louisville,KY
02/19,Pauls Fruit Mark 3704   Card,-69.49,Louisville,KY
02/21,Kroger Fuel #878 4915   Card,-30.91,Louisville,KY
02/21,Kroger #785 4915A Dixi   Card,-12.36,Louisville,KY
02/22,Petsmart # 1117   Card 1981,-73.03,Louisville,KY
02/22,Kroger #3 3039 Brecken   Card,-32.33,Louisville,KY
02/23,Costco Whse #1238   Card 1981,-104.97,Louisville,KY
02/23,7335 Dixie Hwy   Card 1981,-100.0,Louisville,KY
02/25,Majestic Nails And Spa   Card 1981,-40.0,Louisville,KY
02/25,Wal-Mart #2691 New   Card 1981,-33.08,Albany,IN
02/27,Unher Earthquakerelief Madrid Card 1981,-2.0,,
02/27,Pauls Fruit Mark 3704   Card,-88.34,Louisville,KY
02/27,Thorntons #0024 #0024   Card,-32.89,Louisville,KY
02/27,Sunshine Pediatrics   Card 1981,-60.0,Louisville,KY
02/27,Zoo   Card 1981,-119.0,Louisville,KY
03/01,Sams Scan-N-Go   Card 7068,-162.58,Jeffersontown,KY
03/01,Harbor Freight Tools 2   Card,-21.18,Louisville,KY
03/01,Kroger #3 3039 Brecken   Card,-65.42,Louisville,KY
03/05,Walgreens Store 520 Ly   Card,-25.26,Lyndon,KY
03/06,Cigna 877 484 5967 877-484-5967 FL Card,-81.3,,
03/06,Hometown Hauling 502-3614446 KY Card 1981,-105.0,,
03/07,Pauls Fruit Mark 3704   Card,-68.91,Louisville,KY
03/08,Kroger #3 3039 Brecken   Card,-154.21,Louisville,KY
03/09,Dollar Tr 4060 Taylors   Card,-29.15,Louisville,KY
03/08,Igms 877-7352559 CO Card 1981,-68.17,,
03/10,Kroger Fuel #878 4915   Card,-37.49,Louisville,KY
03/13,Costco Whse #1238   Card 1981,-155.32,Louisville,KY
03/13,Target 00014795   Card 1981,-34.46,Louisville,KY
03/14,3901 S 7th St   Card 7068,-100.0,Louisville,KY
03/14,Pauls Fruit Mark 3704   Card,-48.33,Louisville,KY
03/15,Monthly Service Fee,-12.0,,
03/15,Interest Payment,0.02,,
02/11,Payment To Chase Card   0793,216.99,Ending,IN
02/26,Payment To Chase Card   0793,59.95,Ending,IN
07/27/2023,then will go to,26.24,,
09/15,Payment To Chase Card   0793,483.2,Ending,IN
09/19,u2014 Zelle Payment To Dragos Boldea 15317812605,200.0,,
09/19,Payment To Chase Card   0793,277.67,Ending,IN
03/11/2024,then will go to,26.49,,
02/16,Costco Whse #1238   Card 1981,-69.84,Louisville,KY
02/18,Costco Whse #1238   Card 1981,-121.31,Louisville,KY
02/18,Kroger #7 4915A Dixie   Card,-89.94,Louisville,KY
02/19,Disneyplus 888-9057888 CA Card 1981,-8.23,,
02/25,Petsmart # 1117   Card 1981,-127.66,Louisville,KY
02/27,Applebees N Di00908053   Card,-33.88,Louisville,KY
02/28,Target T- 4640 Taylors   Card,-54.01,Louisville,KY
02/28,Kroger #7 4915A Dixie   Card,-108.95,Louisville,KY
03/01,Kroger #785 4915A Dixi   Card,-2.07,Louisville,KY
03/01,Kroger #7 4915A Dixie   Card,-35.82,Louisville,KY
02/28,Louisville Zoo Online 502-5743211 KY Card,-119.0,,
03/02,Kohls 0251 110 Oxmoor   Card,-31.58,Louisville,KY
03/02,Old   6226 Louisville KY Card 1981,-8.48,Navy,US
03/02,Costco Whse #1238   Card 1981,-232.18,Louisville,KY
03/03,Kroger #7 4915A Dixie   Card,-19.34,Louisville,KY
03/04,Target T- 3600 Mall Rd   Card,-13.78,Louisville,KY
03/08,Kroger #7 4915A Dixie   Card,-99.0,Louisville,KY
03/08,Kroger Fuel #878 4915   Card,-40.16,Louisville,KY
03/08,Buff City Soap -Louisvi   Card 1981,-46.64,Louisville,KY
03/11,Kroger #7 4915A Dixie   Card,-93.58,Louisville,KY
03/13,Sams Scan-N-Go   Card 7068,-150.14,Jeffersontown,KY
03/13,Kroger Fuel #878 4915   Card,-48.44,Louisville,KY
03/15,Check #109,-200.0,,
03/15,Target T- 4174 Westpor   Card,-47.68,Louisville,KY
03/15,Interest Payment,0.06,,
02/26,Payment Thank You-Mobile,-59.95,,
03/03,AUTOZONE #3585,-63.59,LOUISVILLE,KY
03/03,THE HOME DEPOT 2307,528.94,LOUISVILLE,KY
03/03,AUTOZONE #0610,63.59,LOUISVILLE,KY
03/03,AUTOZONE #3585,199.17,LOUISVILLE,KY
03/06,AUTHENTIC CARIBBEAN KITC,41.45,LOUISVILLE,KY
03/07,MUTHS CANDIES INC,19.03,LOUISVILLE,KY
03/07,HONG KONG RESTAURANT,9.59,LOUISVILLE,KY
03/06,MENARDS 3373,82.87,LOUISVILLE,KY
03/08,CHAU RESTAURANT,32.98,LOUISVILLE,KY
03/09,HONG KONG RESTAURANT,14.93,LOUISVILLE,KY
03/08,SPINELLIS PIZZERIA,10.36,LOUISVILLE,KY
03/13,MARATHON PETRO165373,2.11,FLORENCE,KY
03/13,HONG KONG RESTAURANT,15.93,LOUISVILLE,KY
03/13,TA #93  FASTFO,13.23,FLORENCE,KY
03/13,LOUISVILLE LOUISVILLE KY,105.22,KENWORTH,OF
03/14,TVC PRO-DRIVER 800-288-2889 OK,59.95,,
03/14,VIETNAM KITCHEN,37.39,LOUISVILLE,KY
09/19,Panera Bread #203390 P   Card,-16.88,Amherst,OH
09/20,Zelle Payment To Citi Jom99A2Dgyhk,-7.89,,
09/20,Kroger #7 4915A Dixie   Card,-138.96,Louisville,KY
09/21,The Home Depot #2302   Card,-53.48,Louisville,KY
09/22,20480900 3131 Louisville KY Card,-9.65,Usps,PO
09/22,20480900 3131 Louisville KY Card,-75.55,Usps,PO
09/22,Kroger #7 4915A Dixie   Card,-95.34,Louisville,KY
09/23,Kroger Fuel #878 4915   Card,-34.81,Louisville,KY
09/25,Pilot #0358   Card 7068,-6.35,Paducah,KY
09/25,Pauls Fruit Mark 3704   Card,-75.37,Louisville,KY
09/25,Pilot #1126   Card 7068,-6.56,Birmingham,MO
09/26,Pilot #0358   Card 7068,-11.74,Paducah,KY
09/26,Pilot #0358   Card 7068,-2.69,Paducah,KY
09/28,Walgreens Store 4926 C   Card,-15.74,Louisville,KY
09/28,3901 S 7th St   Card 7068,-200.0,Louisville,KY
09/28,Buff City Soap - 4600   Card,-63.34,Louisville,KY
09/28,Marshalls 3500 Murstbo   Card,-75.23,Louisville,KY
09/28,Wholefds Lou 101 4944   Card,-74.91,Louisville,KY
09/28,Costco Whse #1238   Card 7068,-10.56,Louisville,KY
09/28,Costco Whse #1238   Card 7068,-116.34,Louisville,KY
09/29,20480900 3131 Louisville KY Card,-9.65,Usps,PO
09/30,Walgreens Store 580    Card,-5.87,Chesterton,IN
10/02,Kroger #7 4915A Dixie   Card,-177.23,Louisville,KY
10/03,Pauls Fruit Mark 3704   Card,-85.09,Louisville,KY
10/03,Feeders Supply   Card 6815,-48.72,Louisville,KY
10/03,Kroger #7 4915A Dixie   Card,-31.82,Louisville,KY
10/04,Acosta Truck Parts LLC   Card,-36.04,Louisville,KY
10/04,Wholefds Lou 101 4944   Card,-44.21,Louisville,KY
10/04,Bp#6468524Shop   Card 7068,-54.98,Louisville,KY
10/05,20482100 4440 Louisville KY Card,-50.0,Usps,PO
10/05,Dollartre 4800 Bardsto   Card,-56.98,Louisville,KY
10/05,Dollar Tr 4121 Shelbyv   Card,-43.73,Louisville,KY
10/05,Big Lots 4121 Shelbyv   Card,-27.53,Louisville,KY
10/08,4111 Shelbyville Rd   Card 7068,-100.0,Louisville,KY
10/08,Target T- 4174 Westpor   Card,-47.68,Louisville,KY
10/08,Kroger Fuel #838 296 Saint,-42.4,Matthew,KY
10/09,Toyota Oxmoor Toyota   Card 6815,-123.69,Louisville,KY
10/09,Kroger #7 4915A Dixie   Card,-75.28,Louisville,KY
10/11,Pauls Fruit Mark 3704   Card,-98.44,Louisville,KY
10/11,Costco Whse #1238   Card 6815,-342.27,Louisville,KY
10/11,Dollartre 4856 Cane Ru   Card,-54.33,Louisville,KY
10/11,Kroger #2 7509 Terry R   Card,-27.93,Louisville,KY
10/12,Check #359,-15.0,,
10/14,Sherwin Williams 70126   Card,-189.58,Louisville,KY
10/15,Dollartre 4800 Bardsto   Card,-14.58,Louisville,KY
10/15,Wholefds Lou 101 4944   Card,-11.98,Louisville,KY
10/16,120 W Spring St New   Card 6815,-100.0,Albany,IN
10/17,Kroger Fuel #878 4915   Card,-31.18,Louisville,KY
10/17,3901 S 7th St   Card 7068,-100.0,Louisville,KY
10/17,Monthly Service Fee,-12.0,,
10/17,Interest Payment,0.01,,
04/16,Payment Thank You-Mobile,-59.95,,
04/14,TVC PRO-DRIVER 800-288-2889 OK,59.95,,
04/17,PURCHASE INTEREST CHARGE,18.42,,
12/17,Books A Million 586   Card 7068,-45.51,Louisville,KY
12/17,Kroger #785 4915A Dixi   Card,-8.98,Louisville,KY
12/19,Kroger Fuel #878 4915   Card,-19.76,Louisville,KY
12/19,Mnrd- 9625 P   Card,-4.99,Louisville,KY
12/19,Mnrd- 9625 P   Card,-65.42,Louisville,KY
12/19,Dollar Tree   Card 6815,-5.3,Louisville,KY
12/21,Costco Whse #1238   Card 6815,-283.79,Louisville,KY
12/21,Pauls Fru 3704 Taylors   Card,-87.13,Louisville,KY
12/22,USA Fuel   Card 7068,-10.59,Russellville,KY
12/21,American Mix   Card 7068,-16.56,Lousiville,KY
12/23,20480900 3131 Louisville KY Card,-9.65,Usps,PO
12/23,Best Buy #333   Card 7068,-116.59,Louisvile,KY
12/23,Kenworth of    Card 7068,-391.99,Louisville,KY
12/26,Columbia 598   Card 7068,-61.74,Simpsonville,KY
12/27,Columbia 598   Card 7068,-130.3,Simpsonville,KY
12/27,Romans Asian Kitchen   Card,-64.0,Simpsonville,KY
12/28,Costco Whse #1238   Card 7068,-170.67,Louisville,KY
12/28,Costco Gas #1238   Card 7068,-33.73,Louisville,KY
12/28,Sams Scan-N-Go   Card 6815,-96.63,Jeffersontown,KY
12/29,Check # 363,-153.85,,
12/30,Walgreens Store 5201 S   Card,-6.49,Louisville,KY
12/30,Ikea    Card 7068,-278.45,Fishers,IN
12/30,Shell Service Station   Card,-43.49,Indianapolis,IN
12/31,Visible 866-331-3527 CO Card 7068,-25.0,,
12/31,Visible 866-331-3527 CO Card 7068,-35.0,,
01/01,Sp Hiya Health   Card 6815,-63.6,Httpshiyaheal,FL
01/01,Vietnam Kitchen   Card 7068,-57.0,Louisville,KY
01/01,Bp#6468524Shop   Card 7068,-55.67,Louisville,KY
01/03,Target T- 4174 Westpor   Card,-81.5,Louisville,KY
01/03,Wholefds Lou 101 4944   Card,-129.49,Louisville,KY
01/03,Ta # 10    Card 7068,-4.0,Gary,IN
01/04,Flying J #652   Card 7068,-1.1,Lebanon,IN
01/05,20480900 3131 Louisville KY Card,-9.65,Usps,PO
01/05,Wm Supere Wal-Mart Sup,-31.52,Louisville,KY
01/06,The Home Depot #2302   Card,-175.73,Louisville,KY
01/06,Target T- 3600 Mall Rd   Card,-91.78,Louisville,KY
01/06,Kroger #3 3039 Brecken   Card,-110.55,Louisville,KY
01/07,Walgreens Store 4926 C   Card,-17.77,Louisville,KY
01/09,Tmobile Auto Pay   Card 7068,-99.54,Bellevue,WA
01/09,Pauls Fruit Mark 3704   Card,-84.61,Louisville,KY
01/09,Costco Whse #1238   Card 7068,-338.36,Louisville,KY
01/13,Target T- 4101 Towne C   Card,-104.13,Louisville,KY
01/16,20480900 3131 Louisville KY Card,-9.65,Usps,PO
01/16,Autozone 0603 3940 Di   Card,-14.83,Louisville,KY
01/16,Costco Whse #1238   Card 6815,-216.61,Louisville,KY
01/16,Costco Gas #1238   Card 6815,-23.31,Louisville,KY
01/17,Pilot #0041 MT   Card 7068,-11.44,Sterling,KY
01/17,Monthly Service Fee,-12.0,,
01/17,Interest Payment,0.01,,
09/12,Zelle Payment To Juan Constructor 18425170716,300.0,,
09/28,__Zelle Payment To Alin Nemes 18564361447,100.0,,
05/17,Olive Garden 0021852   Card 1981,-68.86,Louisville,KY
05/19,Disneyplus 888-9057888 CA Card 1981,-8.23,,
05/26,937-224-3300 OH Card,-780.13,Caresource,KY
05/27,Cigna 877 484 5967 877-484-5967 FL Card,-81.3,,
06/01,Kroger 502-634-0724 KY Card 1981,-72.15,,
06/01,667A Ceder Grove Rd,-122.99,Shepardsville,KY
06/01,Non-Chase ATM Fee-With,-2.5,,
06/06,160 Rochester   Card 7068,-124.0,Louisville,KY
06/06,Non-Chase ATM Fee-With,-2.5,,
06/07,7923 Preston Hwy   Card 1981,-140.0,Louisville,KY
06/07,Kroger Fuel #878 4915   Card,-55.25,Louisville,KY
06/09,Samsclub #8111   Card 7068,-184.98,Jeffersontown,KY
06/10,7403 3Rd Street Rd   Card 7068,-200.0,Louisville,KY
06/13,Payment To Chase Card   0793,-758.16,Ending,IN
06/15,Interest Payment,0.35,,
02/16,Pauls Fruit Mark 3704   Card,-63.3,Louisville,KY
02/16,Thorntons #0024 #0024   Card,-35.11,Louisville,KY
02/17,Target T- 3600 Mall Rd   Card,-67.9,Louisville,KY
02/19,Costco Whse #1238   Card 1981,-215.15,Louisville,KY
02/19,Costco Whse #1238   Card 7068,-10.05,Louisville,KY
02/19,Pauls Fruit Mark 3704   Card,-69.49,Louisville,KY
02/21,Kroger Fuel #878 4915   Card,-30.91,Louisville,KY
02/21,Kroger #785 4915A Dixi   Card,-12.36,Louisville,KY
02/22,Petsmart # 1117   Card 1981,-73.03,Louisville,KY
02/22,Kroger #3 3039 Brecken   Card,-32.33,Louisville,KY
02/23,Costco Whse #1238   Card 1981,-104.97,Louisville,KY
02/23,7335 Dixie Hwy   Card 1981,-100.0,Louisville,KY
02/25,Majestic Nails And Spa   Card 1981,-40.0,Louisville,KY
02/25,Wal-Mart #2691 New   Card 1981,-33.08,Albany,IN
02/27,Unher Earthquakerelief Madrid Card 1981,-2.0,,
02/27,Pauls Fruit Mark 3704   Card,-88.34,Louisville,KY
02/27,Thorntons #0024 #0024   Card,-32.89,Louisville,KY
02/27,Sunshine Pediatrics   Card 1981,-60.0,Louisville,KY
02/27,Zoo   Card 1981,-119.0,Louisville,KY
03/01,Sams Scan-N-Go   Card 7068,-162.58,Jeffersontown,KY
03/01,Harbor Freight Tools 2   Card,-21.18,Louisville,KY
03/01,Kroger #3 3039 Brecken   Card,-65.42,Louisville,KY
03/05,Walgreens Store 520 Ly   Card,-25.26,Lyndon,KY
03/06,Cigna 877 484 5967 877-484-5967 FL Card,-81.3,,
03/06,Hometown Hauling 502-3614446 KY Card 1981,-105.0,,
03/07,Pauls Fruit Mark 3704   Card,-68.91,Louisville,KY
03/08,Kroger #3 3039 Brecken   Card,-154.21,Louisville,KY
03/09,Dollar Tr 4060 Taylors   Card,-29.15,Louisville,KY
03/08,Igms 877-7352559 CO Card 1981,-68.17,,
03/10,Kroger Fuel #878 4915   Card,-37.49,Louisville,KY
03/13,Costco Whse #1238   Card 1981,-155.32,Louisville,KY
03/13,Target 00014795   Card 1981,-34.46,Louisville,KY
03/14,3901 S 7th St   Card 7068,-100.0,Louisville,KY
03/14,Pauls Fruit Mark 3704   Card,-48.33,Louisville,KY
03/15,Monthly Service Fee,-12.0,,
03/15,Interest Payment,0.02,,
07/18,Samsclub #8276   Card 7068,-390.1,Louisville,KY
07/19,Disneyplus 888-9057888 CA Card 1981,-8.23,,
07/21,7335 Dixie Hwy   Card 1981,-40.0,Louisville,KY
07/21,Kroger #7 4915A Dixie   Card,-15.75,Louisville,KY
07/21,Kroger #7 4915A Dixie   Card,-82.27,Louisville,KY
07/22,4100 Towne   Louisville KY,-203.0,Center,DR
07/22,Non-Chase ATM Fee-With,-3.0,,
07/26,937-224-3300 OH Card,-148.24,Caresource,KY
07/26,Decluttr 678-766-1762 GA Card 1981,-127.18,,
07/27,20480900 3131 Louisville KY Card,-20.95,Usps,PO
08/05,Cigna 877 484 5967 877-484-5967 FL Card,-81.3,,
08/08,Target T- 3600 Mall Rd   Card,-157.31,Louisville,KY
08/11,Petsmart # 1117   Card 1981,-110.75,Louisville,KY
08/15,Interest Payment,0.2,,
08/07,US Treasury Tax Payme 615-730-6367 TN Card 5765,562.12,,
08/08,Zelle Payment To Alin Eremia Jom99A0F2Fdd,39.0,,
09/19,Payment Thank You-Mobile,-277.67,,
10/05,Payment Thank You-Mobile,-689.99,,
10/16,REDEMPTION CREDIT,-74.68,,
09/15,MEIJER # 164 877-363-4537 KY,44.6,,
09/15,BOB EVANS REST #0379,33.47,LOUISVILLE,KY
09/16,MARATHON PETRO156182,10.0,LOUISVILLE,KY
09/20,THORNTONS #0155,28.24,LOUISVILLE,KY
09/21,CHAU RESTAURANT,33.51,LOUISVILLE,KY
09/20,EL MEXICANO RESTAURANT,20.04,JEFFERSONVILL,IN
09/22,Mirage,51.0,Louisville,KY
09/22,THORNTONS #0155,2.0,LOUISVILLE,KY
09/24,PARC-PARKING AUTHORITY O,1.0,LOUISVILLE,KY
09/26,JEFFERSON COUNTY CLERKS,34.0,LOUISVILLE,KY
09/27,FIESTA HABANERO,31.0,AVON,OH
09/28,PILOT 00000042,4.59,AVON,OH
09/29,Subway 36763,10.91,Avon,OH
09/28,FIESTA HABANERO,30.0,AVON,OH
09/30,CIRCLE K 02225,36.48,JEFFERSONVILL,IN
10/01,SHELL O 10004999008 HOFFMAN,45.39,ESTAT,IL
10/01,FAIR  FARMS FAIR,99.06,OAKS,IN
10/04,MARATHON PETRO179291,35.78,EDINBURGH,IN
10/09,FIRST WATCH - 0490 SAINT,87.47,LOUIS,MO
10/09,QT 671 SAINT,18.32,LOUIS,MO
10/13,THOMAS CAR WASH - HURSTB,15.0,LOUISVILLE,KY
10/14,TVC PRO-DRIVER 800-288-2889 OK,59.95,,
10/13,BP#6468524SHOP   LOUISVILLE KY,57.68,N,GO
10/14,THORNTONS #0165,39.67,LOUISVILLE,KY
10/19,Disneyplus 888-9057888 CA Card 1981,-8.23,,
10/25,Sams Scan-N-Go   Card 7068,-277.07,Jeffersontown,KY
10/26,Zelle Payment From Giulio F Cantor 15629723702,725.0,,
10/26,937-224-3300 OH Card,-979.93,Caresource,KY
11/03,Sunshine Pediatrics   Card 1981,-50.0,Louisville,KY
11/03,Kroger #785   Card 1981,-40.94,Louisville,KY
11/07,Cigna 877 484 5967 877-484-5967 FL Card,-81.3,,
11/08,Kroger #785 4915A Dixi   Card,-7.45,Louisville,KY
11/08,Kroger #7 4915A Dixie   Card,-110.11,Louisville,KY
11/08,Costco Whse #1238   Card 1981,-62.67,Louisville,KY
11/12,Costco Whse #1238   Card 1981,-180.06,Louisville,KY
11/12,Pauls Fru 3704 Taylors   Card,-38.25,Louisville,KY
11/14,Wholefds Lou 101 4944   Card,-38.93,Louisville,KY
11/16,Petsmart # 1117   Card 1981,-120.18,Louisville,KY
11/16,Costco Whse #1238   Card 1981,-48.2,Louisville,KY
11/16,Wal-Mart Super Center   Card,-111.88,Louisville,KY
11/08,COSTCO WHSE #1238,1.59,LOUISVILLE,KY
11/08,CHICK-FIL-A #04264 812-288-2020 IN,19.29,,
10/23,-0- -0-  Purchases,27.49,,
10/23,-0- -0-  Cash Advances,28.74,,
10/23,-0- -0-  Balance Transfers,27.49,,
05/16,Kroger #3 5533 New Cut   Card,-68.99,Louisville,KY
05/18,2948 Richland Ave   Card 6815,-100.0,Louisville,KY
05/18,Pauls Fruit Mark 3704   Card,-54.02,Louisville,KY
05/18,Costco Whse #1238   Card 6815,-150.57,Louisville,KY
05/18,Costco Gas #1238   Card 6815,-32.28,Louisville,KY
05/19,Pauls Fru 3704 Taylors   Card,-25.56,Louisville,KY
05/19,Kroger #7 4915A Dixie   Card,-33.83,Louisville,KY
05/22,3901 S 7th St   Card 7068,-200.0,Louisville,KY
05/22,Kroger #3 3039 Brecken   Card,-46.84,Louisville,KY
05/23,Costco Whse #1238   Card 7068,-172.35,Louisville,KY
05/23,Costco Gas #1238   Card 7068,-34.78,Louisville,KY
05/23,Petsmart # 1117   Card 6815,-58.7,Louisville,KY
05/24,Kroger #3 3039 Brecken   Card,-15.6,Louisville,KY
05/25,Pauls Fru 3704 Taylors   Card,-30.66,Louisville,KY
05/29,Apple Cash 1  Card 6815,-24.0,Infiniteloop,CA
05/80,Costco Whse #1238   Card 7068,-108.23,Louisville,KY
05/31,Kroger #7 4915A Dixie   Card,-75.67,Louisville,KY
05/31,Sams Scan-N-Go   Card 6815,-138.78,Jeffersontown,KY
06/01,Wm Superc Wal-Mart Sup,-64.86,Louisville,KY
06/02,Kroger #3 3039 Brecken   Card,-18.47,Louisville,KY
06/05,Kroger #3 3039 Brecken   Card,-78.83,Louisville,KY
06/05,Pauls Fru 3704 Taylors   Card,-25.54,Louisville,KY
06/07,Autosave Savings 11410806914,-110.0,,
06/08,Costco Whse #1238   Card 6815,-185.18,Louisville,KY
06/08,Costco Gas #1238   Card 6815,-41.53,Louisville,KY
06/11,Wholefds Lou 101 4944   Card,-155.33,Louisville,KY
06/13,Petsmart # 1117   Card 6815,-99.34,Louisville,KY
06/13,Sams Scan-N-Go   Card 6815,-112.09,Jeffersontown,KY
06/14,Costco Gas #1238   Card 6815,-31.74,Louisville,KY
06/14,Costco Whse #1238   Card 7068,-38.97,Louisville,KY
06/15,Costco Whse #1238   Card 7068,-98.73,Louisville,KY
06/07,Autosave Savings 11410806914,110.0,,
06/15,Interest Payment,0.04,,
08/16,Walgreens Store 5100 D   Card,-25.11,Louisville,KY
08/16,3901 S 7th St   Card 7068,-300.0,Louisville,KY
08/19,Disneyplus 888-9057888 CA Card 1981,-8.23,,
08/20,Payment To Chase Card   8647,-763.9,Ending,IN
08/24,Kroger #7 4915A Dixie   Card,-115.48,Louisville,KY
08/24,Kroger Fuel #878 4915   Card,-33.24,Louisville,KY
08/24,Goemerchant 800-9672289 SC Card 1981,-70.45,,
08/25,7403 3Rd Street Rd   Card 7068,-200.0,Louisville,KY
08/26,937-224-3300 OH Card,-979.93,Caresource,KY
08/29,Target 00024737   Card,22.26,Louisville,KY
08/29,Target T- 4174 Westpor   Card,16.94,Louisville,KY
08/30,Kroger Fuel #878 4915   Card,-37.92,Louisville,KY
08/31,220 Holiday Louisville KY Card,-726.1,Kroger,CO
09/05,9100 Niagara  B Niagara,-123.5,Falls,NY
09/06,Non-Chase ATM Fee-With,-3.0,,
09/06,Cigna 877 484 5967 877-484-5967 FL Card,-81.3,,
09/14,Zelle Payment To Gicu Nexus Jpum999G6R037,-1.0,,
09/14,Zelle Payment To Gicu Nexus Jom999G6Rp75,-399.0,,
09/14,Zelle Payment To   Jpm999G75Nwg,-225.0,Prospect,RP
03/11/2024,then will go to,26.99,,
12/16,Pauls Fruit Mark 3704   Card,-58.75,Louisville,KY
12/17,The Home Depot #2302   Card,-20.9,Louisville,KY
12/19,Burlington Stores 734   Card,-70.38,Louisville,KY
12/19,Kroger #3 3039 Brecken   Card,-93.5,Louisville,KY
12/20,Columbia 598   Card 1981,-122.0,Simpsonville,KY
12/20,Tnf Louisville   Card 1981,-56.76,Simpsonville,KY
12/27,Zelle Payment From Giulio F Cantor 16118645565,100.0,,
12/26,Sams Membership 888-433-7267 AR Card,-50.0,,
01/02,320 Howard St   Card 7068,-200.0,Petoskey,MI
01/05,Costco Whse #1238   Card 7068,-416.59,Louisville,KY
01/05,Cigna 877 484 5967 877-484-5967 FL Card,-81.3,,
01/06,Wal-Mart Super Center   Card,-69.84,Louisville,KY
01/06,Walgreens #9412   Card 1981,-10.19,Louisville,KY
01/09,Sams Scan-N-Go   Card 7068,-116.91,Jeffersontown,KY
01/09,Costco Whse #1238   Card 1981,-48.73,Louisville,KY
01/10,Target T- 3600 Mall Rd   Card,-116.58,Louisville,KY
01/12,Dollar Tree 4060 Taylo   Card,-2.58,Louisville,KY
01/12,Pauls Fru 3704 Taylors   Card,-38.33,Louisville,KY
01/13,Costco Gas #1238   Card 1981,-36.12,Louisville,KY
01/15,Petsmart # 1117   Card 1981,-125.73,Louisville,KY
01/17,2943 Richland Ave   Card 1981,-100.0,Louisville,KY
01/17,Petsmart # 1117   Card 1981,-55.1,Louisville,KY
01/17,Costco Whse #1238   Card 1981,-200.74,Louisville,KY
01/17,Petsmart # 1117   Card 1981,46.63,Louisville,KY
01/18,Kroger 502-634-0724 KY Card 1981,-81.41,,
01/18,Fenwick Animal Clinic   Card,-21.05,Louisville,KY
01/18,Interest Payment,0.06,,
03/11/2024,then will go to,27.24,,
10/18,Payment Thank You-Mobile,-239.19,,
10/23,Payment Thank You-Mobile,-248.29,,
11/14,Payment Thank You-Mobile,-500.0,,
10/18,BOB EVANS REST #0379,39.02,LOUISVILLE,KY
10/19,CHAU RESTAURANT,48.07,LOUISVILLE,KY
10/18,MEIJER # 164 877-363-4537 KY,100.15,,
10/22,#8793226KINGS   2 SAINT LOUIS MO,45.04,HWY,BP
10/23,MCALISTERS #1640 MT,10.24,VERNON,IL
10/26,BP#3743267 TRAVEL,15.18,SEYMOUR,IN
10/27,FIR WATCH - 523 -   LOUISVILLE KY,46.57,ST,MA
10/27,CHAU RESTAURANT,28.0,LOUISVILLE,KY
10/31,BP#9245358LAGRANGE,56.73,LOUISVILLE,KY
11/02,CHAU RESTAURANT,53.95,LOUISVILLE,KY
11/03,VIETNAM KITCHEN,35.0,LOUISVILLE,KY
11/04,WALGREENS #4216,4.99,LOUISVILLE,KY
11/06,KROGER 785,27.82,LOUISVILLE,KY
11/09,CHAU RESTAURANT,33.51,LOUISVILLE,KY
11/09,WALGREENS #4216,31.48,LOUISVILLE,KY
11/10,VIETNAM KITCHEN,16.78,LOUISVILLE,KY
14/11,KING GYROS SAINT,16.87,MATTHEW,KY
14/11,DR STEVEN CARTER,82.0,LOUISVILLE,KY
11/14,TVC PRO-DRIVER 800-288-2889 OK,59.95,,
11/14,KROGER 752,15.31,LOUISVILLE,KY
11/14,PAULS FRUIT MARKET TAYLOR,10.9,LOUISVILLE,KY
11/15,KROGER FUEL 8752,53.95,LOUISVILLE,KY
11/16,WAL-MART #5417,33.6,LOUISVILLE,KY
07/27/2023,then will go to,25.99,,
07/01,Payment To Chase Card   0793,164.81,Ending,IN
07/10,Payment To Chase Card   0793,414.09,Ending,IN
07/11,Payment To Chase Card   0793,460.11,Ending,IN
07/15,Payment To Chase Card   0793,239.87,Ending,IN
07/24,Payment To Chase Card   0793,439.84,Ending,IN
07/27,Payment To Chase Card   0793,117.72,Ending,IN
01/19,Kroger Fuel #834 3039   Card,-31.99,Louisville,KY
01/19,Kroger #3 3039 Brecken   Card,-33.1,Louisville,KY
01/20,3901 S 7th St   Card 7068,-100.0,Louisville,KY
01/23,Target T- 3600 Mall Rd   Card,-152.67,Louisville,KY
01/23,Bryan G Harness Cosmet   Card,-185.0,Louisville,KY
01/23,Pauls Fruit Mark 3704   Card,-44.18,Louisville,KY
01/23,Sunshine Pediatrics   Card 1981,-35.0,Louisville,KY
01/23,Kroger #785   Card 1981,-68.69,Louisville,KY
01/24,Target T- 3600 Mall Rd   Card,-138.21,Louisville,KY
01/25,Fenwick Animal Clinic   Card,-63.25,Louisville,KY
01/25,Costco Whse #1238   Card 1981,-36.09,Louisville,KY
01/25,Costco Gas #1238   Card 1981,-33.89,Louisville,KY
01/27,Kroger #346 3039 Breck   Card,-36.15,Louisville,KY
01/80,Costco Gas #1238   Card 1981,-30.67,Louisville,KY
01/31,Mirage   Card 1981,-37.53,Louisville,KY
02/01,Target T- 3600 Mall Rd   Card,-109.3,Louisville,KY
02/01,Target T- 3600 Mall Rd   Card,-50.67,Louisville,KY
02/01,Toyota Oxmoor Toyota   Card 1981,-162.95,Louisville,KY
02/02,First Watch - 523 - S 502-618-1955 KY Card,-31.75,,
02/03,Kroger Fuel #878 4915   Card,-39.39,Louisville,KY
02/03,First Watch - 570 - 502-444-7744 KY Card,-26.88,,
02/06,Cigna 877 484 5967 877-484-5967 FL Card,-81.3,,
02/07,Kroger Fuel #878 4915   Card,-35.82,Louisville,KY
02/07,3901 S 7th St   Card 7068,-200.0,Louisville,KY
02/07,Kroger #7 4915A Dixie   Card,-117.91,Louisville,KY
02/08,Petsmart # 1117   Card 1981,-228.17,Louisville,KY
02/08,Pauls Fruit Mark 3704   Card,-70.25,Louisville,KY
02/08,Best Buy #333   Card 1981,-76.19,Louisvile,KY
02/08,Igms 877-7352559 CO Card 1981,-68.17,,
02/09,Costco Whse #1238   Card 1981,-373.18,Louisville,KY
02/10,Target T- 3600 Mall Rd   Card,-80.96,Louisville,KY
02/11,Wal-Mart #2691 New   Card 1981,-165.93,Albany,IN
02/12,Thorntons #0161 #0161   Card,-35.98,Louisville,KY
02/13,Wal-Mart Super Center   Card,-58.48,Louisville,KY
02/14,Buff City Soap - 4600   Card,-79.36,Louisville,KY
02/14,Kroger #7 4915A Dixie   Card,-54.36,Louisville,KY
02/15,Interest Payment,0.05,,
03/11/2024,then will go to,26.99,,
12/15,Remote Online Deposit 1,569.99,,
12/06,__Zelle Payment To Alin Eremia Jom99A63S300,39.0,,
01/09,Payment To Chase Card   0793,669.32,Ending,IN
01/12,Zelle Payment To Gicu Nexus Jpm999KS8Cos ,500.0,,
01/21,Payment To Chase Card   0793,274.49,Ending,IN
01/25,Payment To Chase Card   0793,173.53,Ending,IN
02/26,Payment Thank You-Mobile,-59.95,,
03/03,AUTOZONE #3585,-63.59,LOUISVILLE,KY
03/03,THE HOME DEPOT 2307,528.94,LOUISVILLE,KY
03/03,AUTOZONE #0610,63.59,LOUISVILLE,KY
03/03,AUTOZONE #3585,199.17,LOUISVILLE,KY
03/06,AUTHENTIC CARIBBEAN KITC,41.45,LOUISVILLE,KY
03/07,MUTHS CANDIES INC,19.03,LOUISVILLE,KY
03/07,HONG KONG RESTAURANT,9.59,LOUISVILLE,KY
03/06,MENARDS 3373,82.87,LOUISVILLE,KY
03/08,CHAU RESTAURANT,32.98,LOUISVILLE,KY
03/09,HONG KONG RESTAURANT,14.93,LOUISVILLE,KY
03/08,SPINELLIS PIZZERIA,10.36,LOUISVILLE,KY
03/13,MARATHON PETRO165373,2.11,FLORENCE,KY
03/13,HONG KONG RESTAURANT,15.93,LOUISVILLE,KY
03/13,TA #93  FASTFO,13.23,FLORENCE,KY
03/13,LOUISVILLE LOUISVILLE KY,105.22,KENWORTH,OF
03/14,TVC PRO-DRIVER 800-288-2889 OK,59.95,,
03/14,VIETNAM KITCHEN,37.39,LOUISVILLE,KY
10/11,AUTOMATIC PAYMENT - THANK YOU,-100.0,,
10/17,PURCHASE INTEREST CHARGE,54.93,,
01/21,Payment Thank You-Mobile,-274.49,,
01/25,Payment Thank You-Mobile,-173.53,,
02/11,Payment Thank You-Mobile,-216.99,,
02/06,CITYOFSTLOUIS-PARKING 314-622-4700 MO,2.45,,
02/14,TVC PRO-DRIVER 800-288-2889 OK,59.95,,
01/21,Payment Thank You-Mobile,-274.49,,
01/25,Payment Thank You-Mobile,-173.53,,
02/11,Payment Thank You-Mobile,-216.99,,
02/06,CITYOFSTLOUIS-PARKING 314-622-4700 MO,2.45,,
02/14,TVC PRO-DRIVER 800-288-2889 OK,59.95,,
07/27/2023,then will go to,26.49,,
07/27/2023,then will go to,25.99,,
02/11,Payment To Chase Card   0793,216.99,Ending,IN
02/26,Payment To Chase Card   0793,59.95,Ending,IN
08/05,Payment To Chase Card   0793,294.39,Ending,IN
08/08,Payment To Chase Card   0793,234.04,Ending,IN
08/15,Payment To Chase Card   0793,191.39,Ending,IN
08/20,Payment To Chase Card   0793,263.16,Ending,IN
08/29,Payment To Chase Card   0793,278.42,Ending,IN
06/13,Sams Club#8111   Card,13.76,Jeffersontown,KY
06/20,Petsmart # 1168   Card 6815,-65.21,Louisville,KY
06/20,3920 Summit   Louisville KY Card,-100.0,Plaza,DR
06/20,Costco Gas #1238   Card 6815,-41.56,Louisville,KY
06/21,2943 Richland Ave   Card 6815,-160.0,Louisville,KY
06/21,Costco Whse #1238   Card 6815,-58.07,Louisville,KY
06/21,Kroger #346 3039 Breck   Card,-49.81,Louisville,KY
06/22,Pauls Fruit Mark 3704   Card,-83.65,Louisville,KY
07/03,Costco Gas #1238   Card 6815,-31.94,Louisville,KY
07/06,Netflix 1 8445052993 CA Card 6815,-16.33,,
07/06,Kroger #7 4915A Dixie   Card,-53.68,Louisville,KY
07/07,Withdrawal,-100.0,,
07/07,Withdrawal,-40.0,,
07/18,Interest Payment,0.02,,
07/27/2023,then will go to,26.24,,
04/18,Costco Whse #1238   Card 7068,-43.41,Louisville,KY
04/18,Zelle Payment To Juan Constructor 14144051526,-150.0,,
04/19,Kroger Fuel #838 296 Saint,-40.17,Matthew,KY
04/19,Disneyplus 888-9057888 CA Card 1981,-8.23,,
04/21,Aeroflow Inc 828-2771400 NC Card 1981,-132.09,,
04/22,Kroger #7 4915A Dixie   Card,-97.62,Louisville,KY
04/25,Zelle Payment To Teaira 14180475820,-120.0,,
04/25,Kroger Fuel #878 4915   Card,-46.12,Louisville,KY
04/25,Pauls Fru 3704 Taylors   Card,-41.85,Louisville,KY
04/26,1481 S 7th St   Card 7068,-200.0,Louisville,KY
04/27,Target T- 3600 Mall Rd   Card,-77.33,Louisville,KY
04/28,Target T- 4101 Towne C   Card,-30.73,Louisville,KY
04/29,Kroger Fuel #878 4915   Card,-42.43,Louisville,KY
04/29,Check #355,-165.0,,
05/02,Check # 353,-363.46,,
05/03,Wal-Mart #5418   Card 1981,-86.86,Louisville,KY
05/03,Pauls Fru 3704 Taylors   Card,-33.79,Louisville,KY
05/05,Pediatric Dentistry O 502-633-4441 KY Card,-10.0,,
05/06,Ollies Bargain Outlet   Card,-52.0,Louisville,KY
05/06,Roses Espress Store #6   Card,-84.21,Louisville,KY
05/06,Wm Supere Wal-Mart Sup,-79.92,Louisville,KY
05/06,Wal-Mart Wal-Mart Sup   Card,-46.83,Louisville,KY
05/06,Target T- 7311 Jeffers   Card,-158.99,Louisville,KY
05/06,Target T- 7311 Jeffers   Card,-200.72,Louisville,KY
05/07,Kentucky Science Center   Card,-47.0,Louisville,KY
05/09,Zelle Payment To Joey Jom999Bnybpg,-193.0,,
05/10,Check #352,-202.5,,
05/10,Wal-Mart Super Center   Card,-85.69,Louisville,KY
05/11,The Home Depot #2302   Card,-202.2,Louisville,KY
05/11,7335 Dixie Hwy   Card 7068,-760.0,Louisville,KY
05/16,Interest Payment,0.3,,
06/02,Payment To Chase Card   0793,316.34,Ending,IN
06/08,Payment To Chase Card   0793,678.55,Ending,IN
06/15,Payment To Chase Card   0793,46.51,Ending,IN
06/20,Payment To Chase Card   0793,147.87,Ending,IN
12/16,Pauls Fruit Mark 3704   Card,-58.75,Louisville,KY
12/17,The Home Depot #2302   Card,-20.9,Louisville,KY
12/19,Burlington Stores 734   Card,-70.38,Louisville,KY
12/19,Kroger #3 3039 Brecken   Card,-93.5,Louisville,KY
12/20,Columbia 598   Card 1981,-122.0,Simpsonville,KY
12/20,Tnf Louisville   Card 1981,-56.76,Simpsonville,KY
12/27,Zelle Payment From Giulio F Cantor 16118645565,100.0,,
12/26,Sams Membership 888-433-7267 AR Card,-50.0,,
01/02,320 Howard St   Card 7068,-200.0,Petoskey,MI
01/05,Costco Whse #1238   Card 7068,-416.59,Louisville,KY
01/05,Cigna 877 484 5967 877-484-5967 FL Card,-81.3,,
01/06,Wal-Mart Super Center   Card,-69.84,Louisville,KY
01/06,Walgreens #9412   Card 1981,-10.19,Louisville,KY
01/09,Sams Scan-N-Go   Card 7068,-116.91,Jeffersontown,KY
01/09,Costco Whse #1238   Card 1981,-48.73,Louisville,KY
01/10,Target T- 3600 Mall Rd   Card,-116.58,Louisville,KY
01/12,Dollar Tree 4060 Taylo   Card,-2.58,Louisville,KY
01/12,Pauls Fru 3704 Taylors   Card,-38.33,Louisville,KY
01/13,Costco Gas #1238   Card 1981,-36.12,Louisville,KY
01/15,Petsmart # 1117   Card 1981,-125.73,Louisville,KY
01/17,2943 Richland Ave   Card 1981,-100.0,Louisville,KY
01/17,Petsmart # 1117   Card 1981,-55.1,Louisville,KY
01/17,Costco Whse #1238   Card 1981,-200.74,Louisville,KY
01/17,Petsmart # 1117   Card 1981,46.63,Louisville,KY
01/18,Kroger 502-634-0724 KY Card 1981,-81.41,,
01/18,Fenwick Animal Clinic   Card,-21.05,Louisville,KY
01/18,Interest Payment,0.06,,
11/17,Buff City Soap - 4600   Card,-89.89,Louisville,KY
11/17,Kroger Fuel #878 4915   Card,-40.85,Louisville,KY
11/18,Big Lots 6650 Dixie H   Card,-18.01,Louisville,KY
11/19,Payment To Chase Card   8647,-500.0,Ending,IN
11/20,The Home Depot #2302   Card,-40.84,Louisville,KY
11/20,Kroger #7 4915A Dixie   Card,-35.98,Louisville,KY
11/21,Costco Whse #1238   Card 1981,-75.89,Louisville,KY
11/22,Pauls Fruit Mark 3704   Card,-46.2,Louisville,KY
11/22,Kroger #7 4915A Dixie   Card,-55.6,Louisville,KY
11/22,Kroger Fuel #878 4915   Card,-42.39,Louisville,KY
11/23,Dollar Tr 4060 Taylors   Card,-10.6,Louisville,KY
11/23,Sunshine Pediatrics   Card 1981,-75.0,Louisville,KY
11/23,Sams Scan-N-Go   Card 7068,-73.42,Jeffersontown,KY
11/23,Kroger #785   Card 1981,-15.75,Louisville,KY
11/26,987-224-3300 OH Card,-979.93,Caresource,KY
11/26,Payment To Chase Card   8647,-500.0,Ending,IN
11/29,2943 Richland Ave   Card 1981,-60.0,Louisville,KY
11/29,Burlington Stores 734   Card,-74.16,Louisville,KY
11/29,7403 3Rd Street Rd   Card 7068,-300.0,Louisville,KY
11/29,Gap Online 800-4277895 OH Card 1981,-7.39,,
11/30,Pauls Fru 3704 Taylors   Card,-82.59,Louisville,KY
12/01,Kroger Fuel #834 3039   Card,-43.08,Louisville,KY
12/02,Costco Whse #1238   Card 1981,-147.62,Louisville,KY
12/03,The Home Depot #2302   Card,-112.1,Louisville,KY
12/05,Target T- 4174 Westpor   Card,-131.6,Louisville,KY
12/05,Cigna 877 484 5967 877-484-5967 FL Card,-81.3,,
12/05,Hometown Hauling 502-3614446 KY Card 1981,-93.5,,
12/06,3600 Bardstown Rd   Card 1981,-200.0,Louisville,KY
12/06,Costco Whse #1238   Card 1981,-68.88,Louisville,KY
12/06,Costco Gas #1238   Card 1981,-30.99,Louisville,KY
12/07,Pauls Fru 3704 Taylors   Card,-33.29,Louisville,KY
12/09,Kroger #3 3039 Brecken   Card,-64.63,Louisville,KY
12/06,Samsclub #8111   Card 7068,11.64,Louisville,KY
12/11,4111 Shelbyville Rd   Card 7068,-200.0,Louisville,KY
12/12,Petsmart # 1117   Card 1981,-41.24,Louisville,KY
12/13,Zelle Payment From Giulio F Cantor 16024485168,500.0,,
12/13,Payment To Chase Card   8647,-500.0,Ending,IN
12/14,Target T- 3600 Mall Rd   Card,-17.39,Louisville,KY
12/14,Norton Healthcare Myc 502-629-8276 KY Card,-13.4,,
12/15,Kroger Fuel #834 3039   Card,-31.02,Louisville,KY
12/15,Interest Payment,0.05,,
08/20,Payment Thank You-Mobile,-263.16,,
08/29,Payment Thank You-Mobile,-278.42,,
09/15,Payment Thank You-Mobile,-483.2,,
08/18,T-MOBILE STORE # 372D,35.0,LOUISVILLE,KY
08/19,THOMAS CAR WASH - BARDST,15.0,LOUISVILLE,KY
08/19,JEFFERSON COUNTY CLERKS,11.0,LOUISVILLE,KY
08/22,SPEEDWAY 09686,48.97,LOUISVILLE,KY
08/24,Mirage,61.66,Louisville,KY
08/26,VIETNAM KITCHEN,33.21,LOUISVILLE,KY
09/03,IL TOLLWAY-WEB 800-824-7277 IL,50.0,,
09/06,WAVES RESTAURANT,38.5,BUFFALO,NY
09/13,THORNTONS #0060,42.7,LOUISVILLE,KY
09/13,PMR TECH SYSTEMS LLC 608-4210957 WI,24.99,,
09/14,TVC PRO-DRIVER 800-288-2889 OK,59.95,,
12/13,Payment To Chase Card   0793,500.0,Ending,IN
12/23,u2014 Zelle Payment To Giulio 16107102112,100.0,,
03/11/2024,then will go to,27.24,,
10/18,Sams Scan-N-Go   Card 6815,-136.6,Jeffersontown,KY
10/20,Petsmart # 1117   Card 6815,-56.38,Louisville,KY
10/22,Costco Whse #1238   Card 6815,-86.82,Louisville,KY
10/22,Pauls Fruit Mark 3704   Card,-89.06,Louisville,KY
10/22,Pauls Fru 3704 Taylors   Card,-1.4,Louisville,KY
10/23,Kroger #7 4915A Dixie   Card,-118.59,Louisville,KY
10/23,Dollar Tr 6801 Dixie H   Card,-6.63,Louisville,KY
10/24,3901 S 7th St   Card 7068,-160.0,Louisville,KY
10/24,Norton Healthcare Myc 502-629-8276 KY Card,-11.0,,
10/25,Kroger #7 4915A Dixie   Card,-108.56,Louisville,KY
10/25,Kroger #7 4915A Dixie   Card,-21.18,Louisville,KY
10/25,The Spice And Tea Exch 812-9130111 IN Card,-14.08,,
10/27,Wholefds Lou 101 4944   Card,-97.05,Louisville,KY
10/28,Bravo-   Card 7068,-124.32,Louisville,KY
10/80,Kroger Fuel #878 4915   Card,-32.47,Louisville,KY
11/01,Target T- 7311 Jeffers   Card,-122.35,Louisville,KY
11/02,Visible 866-331-3527 CO Card 7068,-25.0,,
11/02,Visible 866-331-3527 CO Card 7068,-35.0,,
11/02,Netflix 1 8445052993 CA Card 6815,-16.33,,
11/02,Sp Hiya Health   Card 6815,-31.8,Hitpshiyaheal,FL
11/02,Costco Whse #1238   Card 6815,-213.99,Louisville,KY
11/03,20480900 3131 Louisville KY Card,-19.89,Usps,PO
11/03,Pauls Fruit Mark 3704   Card,-72.25,Louisville,KY
11/03,Wholefds Lou 101 4944   Card,-18.56,Louisville,KY
11/07,Costco Gas #1238   Card 6815,-30.68,Louisville,KY
11/07,Kroger #7 4915A Dixie   Card,-131.35,Louisville,KY
11/07,Sams Scan-N-Go   Card 6815,-59.17,Jeffersontown,KY
11/09,Tmobile Auto Pay   Card 7068,-214.54,Bellevue,WA
11/10,20480900 3131 Louisville KY Card,-9.65,Usps,PO
11/11,Costco Whse #1238   Card 6815,-10.58,Louisville,KY
11/11,Costco Whse #1238   Card 6815,-200.6,Louisville,KY
11/11,Pauls Fruit Mark 3704   Card,-92.91,Louisville,KY
11/12,Wholefds Lou 101 4944   Card,-111.44,Louisville,KY
11/12,Wholefds Lou 101 4944   Card,-20.12,Louisville,KY
11/12,Kroger Fuel #878 4915   Card,-30.98,Louisville,KY
11/13,Wholefds Lou 101 4944   Card,-49.81,Louisville,KY
11/13,Sunshine Pediatrics   Card 6815,-246.0,Louisville,KY
41/15,Withdrawal,-100.0,,
14/15,Monthly Service Fee,-12.0,,
11/15,Interest Payment,0.01,,
10/10,Zelle Payment To Juan Constructor 18681740607,300.0,,
03/11/2024,then will go to,27.24,,
11/08,COSTCO WHSE #1238,1.59,LOUISVILLE,KY
11/08,CHICK-FIL-A #04264 812-288-2020 IN,19.29,,
10/23,-0- -0-  Purchases,27.49,,
10/23,-0- -0-  Cash Advances,28.74,,
10/23,-0- -0-  Balance Transfers,27.49,,
05/26,Payment Thank You-Mobile,-106.74,,
05/30,Payment Thank You-Mobile,-92.19,,
06/02,Payment Thank You-Mobile,-316.34,,
06/08,Payment Thank You-Mobile,-678.55,,
06/13,Payment Thank You-Mobile,-758.16,,
06/15,Payment Thank You-Mobile,-46.51,,
05/22,THORNTONS #0098,46.79,LOUISVILLE,KY
05/27,WHOLEFDS LOU 10186,36.21,LOUISVILLE,KY
05/30,ZIPS 225 LOU - CANERUN,10.0,LOUISVILLE,KY
05/30,KROGER 292,55.38,LOUISVILLE,KY
05/30,WALGREENS #11664,21.0,LOUISVILLE,KY
05/31,Subway 53308,8.84,Bellville,OH
06/02,BOB EVANS REST #0379,29.04,LOUISVILLE,KY
06/03,PRIDE TRUCK WASH,70.0,SHEPHERDSVILL,KY
06/03,PRIDE TRUCK WASH,42.0,SHEPHERDSVILL,KY
06/02,MEIJER # 164 877-363-4537 KY,77.35,,
06/04,COSTCO WHSE #1238,62.09,LOUISVILLE,KY
06/04,COSTCO WHSE #1238,278.82,LOUISVILLE,KY
06/06,BOB EVANS REST #0379,30.82,LOUISVILLE,KY
06/09,Columbia 598,177.0,Simpsonville,KY
06/09,SQ  u201cBOOK   LOU Simpsonville KY,10.6,WAREHOUSE,OF
06/09,Crocs,71.49,Simpsonville,KY
06/10,COSTCO WHSE #1238,240.66,LOUISVILLE,KY
06/11,KROGER #785,57.98,LOUISVILLE,KY
06/09,JADE GARDEN,27.31,SIMPSONVILLE,KY
06/11,AUTOZONE #3585,34.95,LOUISVILLE,KY
06/14,TVC PRO-DRIVER 800-288-2889 OK,59.95,,
06/15,BOB EVANS REST #0379,29.95,LOUISVILLE,KY
03/11/2024,then will go to,26.99,,
12/11,AUTOMATIC PAYMENT - THANK YOU,-100.0,,
12/17,PURCHASE INTEREST CHARGE,53.27,,
07/27/2023,then will go to,25.99,,
07/23,3901 S 7th St   Card 7068,-200.0,Louisville,KY
07/28,Wholefds Lou 101 4944   Card,-169.55,Louisville,KY
07/29,Kroger 866-576-4377 KY Card 6815,-188.75,,
08/06,The Home Depot #2302   Card,-236.32,Louisville,KY
08/08,Kroger #785 4915A Dixi   Card,-3.99,Louisville,KY
08/08,3901 S 7th St   Card 7068,-100.0,Louisville,KY
08/08,Check #358,-36.0,,
08/10,Zelle Payment To Carmen Traduceri Jom99A0loxg7,-1.0,,
08/10,Zelle Payment To Carmen Traduceri Jpm99A0lplpp,-190.0,,
08/11,The Home Depot #2302   Card,-68.22,Louisville,KY
08/15,Monthly Service Fee,-12.0,,
08/15,Interest Payment,0.01,,
03/11/2024,then will go to,26.74,,
04/18,Wholefds Lou 101 4944   Card,-98.38,Louisville,KY
04/18,Kroger Fuel #878 4915   Card,-43.48,Louisville,KY
04/18,Kroger #7 4915A Dixie   Card,-16.95,Louisville,KY
04/20,Kroger #3 3039 Brecken   Card,-31.47,Louisville,KY
04/21,Fenwick Animal Clinic   Card,-88.8,Louisville,KY
04/24,Pauls Fruit Mark 3704   Card,-50.77,Louisville,KY
04/24,Aldi 44036    Card 6815,-19.63,Louisville,KY
04/24,Art Jacob Prescription   Card 6815,-38.69,Louisville,KY
04/25,Pauls Fru 3704 Taylors   Card,-6.43,Louisville,KY
04/27,Wholefds Lou 101 4944   Card,-63.14,Louisville,KY
04/27,Costco Whse #1238   Card 6815,-133.97,Louisville,KY
04/27,Costco Gas #1238   Card 6815,-34.52,Louisville,KY
04/30,Sams Scan-N-Go   Card 7068,-157.3,Jeffersontown,KY
04/30,Pauls Fruit Mark 12119   Card,-80.14,Louisville,KY
05/02,Kroger 502-634-0724 KY Card 6815,-98.47,,
05/02,Costco Whse #1238   Card 6815,-36.78,Louisville,KY
05/03,Costco Gas #1238   Card 6815,-34.88,Louisville,KY
04/30,Samsclub #8111   Card 7068,15.88,Louisville,KY
05/04,Costco Whse #1238   Card 6815,-26.36,Louisville,KY
05/04,Costco Whse #1238   Card 7068,44.51,Louisville,KY
05/05,Sams Scan-N-Go   Card 7068,-38.93,Jeffersontown,KY
05/06,Kroger #3 3039 Brecken   Card,-110.62,Louisville,KY
05/08,Costco Gas #1238   Card 6815,-34.7,Louisville,KY
05/08,Pauls Fruit Mark 3704   Card,-91.34,Louisville,KY
05/08,Kroger #3 3039 Brecken   Card,-66.95,Louisville,KY
05/10,Petsmart # 1117   Card 6815,-122.33,Louisville,KY
05/10,Toyota Oxmoor Toyota   Card 6815,-186.92,Louisville,KY
05/10,Bryan G Harness Cosmeti   Card,-66.74,Louisville,KY
05/11,Costco Whse #1238   Card 6815,-29.77,Louisville,KY
05/11,Costco Gas #1238   Card 6815,-33.68,Louisville,KY
05/11,Petsmart # 1117   Card 6815,10.59,Louisville,KY
05/12,Pauls Fru 3704 Taylors   Card,-24.32,Louisville,KY
05/15,Interest Payment,0.05,,
03/11/2024,then will go to,27.24,,
10/05,Payment To Chase Card   0793,689.99,Ending,IN
10/13,Zelle Payment To Juan Constructor 15527593568,300.0,,
10/18,Payment To Chase Card   0793,239.19,Ending,IN
10/20,Zelle Payment To Juan Constructor 15587340322,380.0,,
10/23,Payment To Chase Card   0793,248.29,Ending,IN
10/31,Zelle Payment To Vitalie 15673520360,82.0,,
03/11/2024,then will go to,27.24,,
03/17,Pauls Fru 3704 Taylors   Card,-35.03,Louisville,KY
03/21,Pauls Fruit Mark 3704   Card,-60.37,Louisville,KY
03/21,Costco Whse #1238   Card 1981,-158.36,Louisville,KY
03/21,Costco Gas #1238   Card 1981,-30.72,Louisville,KY
03/21,Check #301,-20.0,,
04/03,Wm Supere Wal-Mart Sup,-35.93,Louisville,KY
04/11,Zelle Payment To Magdiel Jpm999V78F46,-200.0,,
04/11,Target T- 3600 Mall Rd   Card,-75.83,Louisville,KY
04/11,Costco Whse #1238   Card 6815,-3.18,Louisville,KY
04/11,Costco Whse #1238   Card 6815,-216.47,Louisville,KY
04/12,Zelle Payment From Ricardo Fernandez PncaaOEsq05A,200.0,,
04/12,Pauls Fruit Mark 3704   Card,-72.86,Louisville,KY
04/12,4111 Shelbyville Rd   Card 7068,-100.0,Louisville,KY
04/12,Costco Gas #1238   Card 6815,-29.53,Louisville,KY
04/12,Daytona Apparel Holdin 212-2680762 NY Card,-72.0,,
04/12,Sams Scan-N-Go   Card 7068,-147.25,Jeffersontown,KY
04/13,Dicks Sporting Goods #   Card,-63.53,Louisville,KY
04/13,Hometown Hauling 502-3614446 KY Card 6815,-135.0,,
04/14,Target T- 3600 Mall Rd   Card,-126.14,Louisville,KY
04/12,Samsclub #8111   Card 7068,27.52,Louisville,KY
04/17,Costco Whse #1238   Card 6815,-48.94,Louisville,KY
04/17,Kroger #3 3039 Brecken   Card,-167.08,Louisville,KY
04/17,Pauls Fruit Mark 3704   Card,-46.93,Louisville,KY
04/17,Monthly Service Fee,-12.0,,
04/17,Interest Payment,0.02,,
11/17,Kroger #7 4915A Dixie   Card,-164.7,Louisville,KY
11/18,20480900 3131 Louisville KY Card,-9.65,Usps,PO
11/18,Wal-Mart Super Center   Card,-134.43,Louisville,KY
11/19,Sams Scan-N-Go   Card 6815,-121.91,Jeffersontown,KY
11/19,Pauls Fruit Mark 3704   Card,-84.15,Louisville,KY
11/19,Costco Whse #1238   Card 6815,-29.67,Louisville,KY
11/19,Costco Whse #1238   Card 7068,-29.96,Louisville,KY
11/20,Buff City Soap - 4600   Card,-44.52,Louisville,KY
11/20,Kroger Fuel #878 4915   Card,-37.96,Louisville,KY
11/22,7335 Dixie Hwy   Card 6815,-160.0,Louisville,KY
11/22,Pilot #0004   Card 7068,-13.5,Avon,OH
11/23,Kroger #7 4915A Dixie   Card,-17.81,Louisville,KY
11/25,20480900 3131 Louisville KY Card,-9.65,Usps,PO
11/25,Dollartre 4856 Cane Ru   Card,-62.28,Louisville,KY
11/26,Costco Whse #1238   Card 6815,-205.73,Louisville,KY
11/26,Pauls Fruit Mark 3704   Card,-72.8,Louisville,KY
11/29,Subway 430   Card 7068,-22.98,Cridersville,OH
11/29,Kroger #7 4915A Dixie   Card,-177.75,Louisville,KY
11/30,Visible 866-331-3527 CO Card 7068,-25.0,,
11/30,Visible 866-331-3527 CO Card 7068,-35.0,,
11/80,Costco Gas #1238   Card 6815,-30.07,Louisville,KY
11/80,Petsmart # 1117   Card 6815,-101.24,Louisville,KY
12/01,20480900 3131 Louisville KY Card,-9.65,Usps,PO
12/01,Kyte Driver Lic   Card 7068,-97.44,Frankfort,KY
12/02,Sp Hiya Health   Card 6815,-63.6,Httpshiyaheal,FL
12/02,Netflix 1 8445052993 CA Card 6815,-16.33,,
12/04,Pauls Fruit Mark 3704   Card,-123.93,Louisville,KY
12/04,Hometown Hauling 502-3614446 KY Card 6815,-105.0,,
12/05,39115 Colorado Rd   Card 7068,-104.95,Avon,OH
12/05,Non-Chase ATM Fee-With,-3.0,,
12/06,Pilot #0004   Card 7068,-0.77,Avon,OH
12/05,Fiesta Habanero   Card 7068,-27.42,Avon,OH
12/07,Wendys 552   Card 7068,-8.29,Lebanon,OH
12/08,Pilot #0004   Card 7068,-5.49,Avon,OH
12/08,Target T- 3600 Mall Rd   Card,-35.25,Louisville,KY
12/07,Fiesta Habanero   Card 7068,-23.75,Avon,OH
12/08,American Mix   Card 7068,-11.73,Lousiville,KY
12/09,20480900 3131 Louisville KY Card,-9.65,Usps,PO
12/09,Tmobile Auto Pay   Card 7068,-16.54,Bellevue,WA
12/10,Bravo-   Card 7068,-76.0,Louisville,KY
12/11,Kroger #7 4915A Dixie   Card,-56.04,Louisville,KY
12/11,Sp Elite Obsolete   Card 6815,-84.99,Eliteobsolete,KS
12/12,Wm Supere Wal-Mart Sup,-96.02,Louisville,KY
12/12,Bp#8640039Fives   Card 7068,-30.82,Louisville,KY
12/15,DR Steven Carter   Card 7068,-60.0,Louisville,KY
12/15,Bp#6468524Shop   Card 7068,-49.05,Louisville,KY
12/15,2943 Richland Ave   Card 6815,-100.0,Louisville,KY
12/15,Kroger #3 3039 Brecken   Card,-232.62,Louisville,KY
12/15,Pauls Fruit Mark 3704   Card,-81.74,Louisville,KY
12/15,Pauls Fru 3704 Taylors   Card,-4.99,Louisville,KY
12/15,Monthly Service Fee,-12.0,,
12/15,Interest Payment,0.01,,
03/15,Toyota Oxmoor Toyota   Card 1981,-123.51,Louisville,KY
03/16,Target T- 3600 Mall Rd   Card,-12.72,Louisville,KY
03/16,Kroger #785 4915A Dixi   Card,-9.85,Louisville,KY
03/16,Kroger #7 4915A Dixie   Card,-105.59,Louisville,KY
03/18,Autosave Savings 11243759844,-200.0,,
03/18,Kroger Fuel #878 4915   Card,-45.16,Louisville,KY
03/19,Disney Plus   Card 1981,-8.23,Burbank,CA
03/20,Wm Superc Wal-Mart Sup   Card,-1.98,Paris,KY
03/20,Cracker Barrel #415 S 502-633-9945 KY Card,-41.75,,
03/21,Kroger #7 4915A Dixie   Card,-75.88,Louisville,KY
03/22,Zelle Payment From Joel T Warner Usbgqbh9Wxnft,11.0,,
03/22,2948 Richland Ave   Card 1981,-160.0,Louisville,KY
03/24,Target T- 3600 Mall Rd   Card,-68.88,Louisville,KY
03/24,Feeders Supply   Card 1981,-45.56,Louisville,KY
03/25,Kroger Fuel #878 4915   Card,-48.08,Louisville,KY
03/26,Preschool Smiles 187-738-1827 MN Card 1981,-74.19,,
03/29,Autosave Savings 11247606957,-180.0,,
03/31,Kroger Fuel #834 3039   Card,-46.1,Louisville,KY
04/01,Pauls Fru 3704 Taylors   Card,-45.71,Louisville,KY
04/05,Target T- 4174 Westpor   Card,-58.3,Louisville,KY
04/05,Pauls Fru 3704 Taylors   Card,-31.01,Louisville,KY
04/05,Costco Whse #1238   Card 1981,-60.0,Louisville,KY
04/05,Costco Whse #1238   Card 1981,-3.18,Louisville,KY
04/05,Costco Whse #1238   Card 1981,-193.39,Louisville,KY
04/06,Kroger Fuel #878 4915   Card,-46.36,Louisville,KY
04/06,Premier Surgery Center 502-5899488 KY Card,-184.21,,
04/07,Wal-Mart #3610   Card 1981,-160.89,Louisville,KY
04/08,Kroger #7 4915A Dixie   Card,-114.06,Louisville,KY
04/08,Wal-Mart #3610   Card 1981,-81.13,Louisville,KY
04/11,Autosave Savings 11252206727,-200.0,,
04/11,Zelle Payment To Teaira 14089711070,-112.5,,
04/11,Michaels Stores 5003   Card,-71.47,Louisville,KY
04/12,Petco 2540   Card 1981,-108.5,Louisville,KY
04/13,Pauls Fru 3704 Taylors   Card,-41.96,Louisville,KY
04/13,Wm Superc Wal-Mart Sup,-13.57,Louisville,KY
04/14,Off Broadway Shoes 304   Card,31.8,Louisville,KY
03/18,Autosave Savings 11243759844,200.0,,
03/29,Autosave Savings 11247606957,180.0,,
04/11,Autosave Savings 11252206727,200.0,,
04/15,Interest Payment,0.2,,
03/11/2024,then will go to,27.24,,
11/07,_ Zelle Payment To Dragos Boldea 15720229876,30.0,,
11/14,Payment To Chase Card   0793,500.0,Ending,IN
11/20,Payment To Chase Card   0793,747.75,Ending,IN
01/19,Kroger Fuel #834 3039   Card,-31.99,Louisville,KY
01/19,Kroger #3 3039 Brecken   Card,-33.1,Louisville,KY
01/20,3901 S 7th St   Card 7068,-100.0,Louisville,KY
01/23,Target T- 3600 Mall Rd   Card,-152.67,Louisville,KY
01/23,Bryan G Harness Cosmet   Card,-185.0,Louisville,KY
01/23,Pauls Fruit Mark 3704   Card,-44.18,Louisville,KY
01/23,Sunshine Pediatrics   Card 1981,-35.0,Louisville,KY
01/23,Kroger #785   Card 1981,-68.69,Louisville,KY
01/24,Target T- 3600 Mall Rd   Card,-138.21,Louisville,KY
01/25,Fenwick Animal Clinic   Card,-63.25,Louisville,KY
01/25,Costco Whse #1238   Card 1981,-36.09,Louisville,KY
01/25,Costco Gas #1238   Card 1981,-33.89,Louisville,KY
01/27,Kroger #346 3039 Breck   Card,-36.15,Louisville,KY
01/80,Costco Gas #1238   Card 1981,-30.67,Louisville,KY
01/31,Mirage   Card 1981,-37.53,Louisville,KY
02/01,Target T- 3600 Mall Rd   Card,-109.3,Louisville,KY
02/01,Target T- 3600 Mall Rd   Card,-50.67,Louisville,KY
02/01,Toyota Oxmoor Toyota   Card 1981,-162.95,Louisville,KY
02/02,First Watch - 523 - S 502-618-1955 KY Card,-31.75,,
02/03,Kroger Fuel #878 4915   Card,-39.39,Louisville,KY
02/03,First Watch - 570 - 502-444-7744 KY Card,-26.88,,
02/06,Cigna 877 484 5967 877-484-5967 FL Card,-81.3,,
02/07,Kroger Fuel #878 4915   Card,-35.82,Louisville,KY
02/07,3901 S 7th St   Card 7068,-200.0,Louisville,KY
02/07,Kroger #7 4915A Dixie   Card,-117.91,Louisville,KY
02/08,Petsmart # 1117   Card 1981,-228.17,Louisville,KY
02/08,Pauls Fruit Mark 3704   Card,-70.25,Louisville,KY
02/08,Best Buy #333   Card 1981,-76.19,Louisvile,KY
02/08,Igms 877-7352559 CO Card 1981,-68.17,,
02/09,Costco Whse #1238   Card 1981,-373.18,Louisville,KY
02/10,Target T- 3600 Mall Rd   Card,-80.96,Louisville,KY
02/11,Wal-Mart #2691 New   Card 1981,-165.93,Albany,IN
02/12,Thorntons #0161 #0161   Card,-35.98,Louisville,KY
02/13,Wal-Mart Super Center   Card,-58.48,Louisville,KY
02/14,Buff City Soap - 4600   Card,-79.36,Louisville,KY
02/14,Kroger #7 4915A Dixie   Card,-54.36,Louisville,KY
02/15,Interest Payment,0.05,,
07/31,Remote Online Deposit 1,430.96,,
07/05,Zelle Payment To Alin Eremia Jom999Yvimkb,39.0,,
11/20,Payment Thank You-Mobile,-747.75,,
12/13,Payment Thank You-Mobile,-500.0,,
11/17,TA #175 FORISTEL,4.71,FORISTELL,MO
11/17,POPEYES 10605,11.05,FORISTELL,MO
11/18,Subway 20364,11.81,Strafford,MO
11/18,CONOCO - TA STRATFORD,1.97,STRAFFORD,MO
11/18,ALLIS FAMILY RESTAURANT,16.3,SPRINGFIELD,MO
11/19,WAIF RACKLEY LAND INVESTM,1.69,NASHVILLE,IL
11/19,LITTLE  RESTAURA,26.0,NASHVILLE,IL
11/21,KROGER 752,4.6,LOUISVILLE,KY
11/22,VIETNAM KITCHEN,44.0,LOUISVILLE,KY
11/22,WALGREENS #4216,4.36,LOUISVILLE,KY
12/14,TVC PRO-DRIVER 800-288-2889 OK,59.95,,
06/17,Sunshine Pediatrics   Card 1981,-75.0,Louisville,KY
06/19,Disneyplus 888-9057888 CA Card 1981,-8.23,,
06/21,Old   6226 Louisville KY Card 1981,-58.79,Navy,US
06/21,Apple Store #R264 790   Card,-30.74,Louisville,KY
06/21,Pauls Fruit Mark 3704   Card,-63.35,Louisville,KY
06/21,Sind Cellular   Card 1981,-58.3,Louisville,KY
06/24,Petsmart # 1117   Card 7068,-97.44,Louisville,KY
06/24,Target T- 4640 Taylors   Card,-12.47,Louisville,KY
06/24,Meijer 160   Card 7068,-149.18,Louisville,KY
06/26,937-224-3300 OH Card,-780.13,Caresource,KY
06/26,Kroger #785 4915A Dixi   Card,-14.07,Louisville,KY
06/29,7403 3Rd Street Rd   Card 7068,-200.0,Louisville,KY
07/02,Kroger 502-634-0724 KY Card 1981,-116.61,,
07/02,Norton Healthcare Myc 502-629-8276 KY Card,-165.0,,
07/02,Wholefds Lou 101 4944   Card,-193.34,Louisville,KY
07/03,Wal-Mart Super Center   Card,-146.01,Louisville,KY
07/05,Freeprints 8772488906 CA Card 1981,-25.43,,
07/05,Feeders Supply   Card 7068,-72.07,Louisville,KY
07/05,Kroger #7 4915A Dixie   Card,-24.35,Louisville,KY
07/05,Walgreens Store 3980 D   Card,-4.99,Louisville,KY
07/04,Thorntons #0011   Card 7068,-6.56,Jeffersonvill,IN
07/05,Cigna 877 484 5967 877-484-5967 FL Card,-81.3,,
07/06,Sp Buff City   Httpsbuffcity TX Card,-53.52,Soap,CO
07/08,Imos Pizza-Lemay 314-761-5321 MO Card,-79.59,,
07/08,St  Aquarium Saint   Card 1981,-25.0,Louis,MO
07/09,Target T- 2341 N Highw   Card,-117.58,Florissant,MO
07/11,Pauls Fruit Mark 3704   Card,-60.74,Louisville,KY
07/15,Target T- 4640 Taylors   Card,-81.63,Louisville,KY
07/18,Costco Whse #1238   Card 7068,-186.18,Louisville,KY
